{"cameraMode":{"drawMode":0,"name":"Shaded","section":"Shading Mode"},"sceneLighting":true,"audioPlay":false,"sceneViewState":{"showFog":true,"showMaterialUpdate":false,"showSkybox":true,"showFlares":true,"showImageEffects":true,"showParticleSystems":true},"in2DMode":false,"pivot":{"x":1695.3804931640625,"y":50.32191467285156,"z":1890.044921875},"rotation":{"x":0.044079940766096118,"y":-0.8912906050682068,"z":0.088807113468647,"w":0.4424605667591095},"size":278.9486389160156,"orthographic":false}