{"cameraMode":{"drawMode":0,"name":"Shaded","section":"Shading Mode"},"sceneLighting":true,"audioPlay":false,"sceneViewState":{"showFog":true,"showMaterialUpdate":false,"showSkybox":true,"showFlares":true,"showImageEffects":true,"showParticleSystems":true},"in2DMode":false,"pivot":{"x":1460.636962890625,"y":159.18215942382813,"z":1441.3961181640625},"rotation":{"x":-0.005298244766891003,"y":-0.6758860349655151,"z":-0.004861175548285246,"w":0.7369710803031921},"size":686.3093872070313,"orthographic":false}